Country,Date,Total Cases,Total Deaths,Recovered,Active Cases,Vaccinated
India,01-05-2021,19164969,211853,15684406,3268710,150000000
USA,01-05-2021,32421442,576722,25000000,6844720,240000000
Brazil,01-05-2021,14725975,406437,13293037,1026501,50000000
UK,01-05-2021,4418530,127517,4150000,141013,47000000
Germany,01-05-2021,3381597,82850,3030000,268747,35000000
South Africa,01-05-2021,1581210,54350,1504426,22434,9000000
Russia,01-05-2021,4805288,110128,4428000,267160,30000000
Brazil,07-05-2021,16109523,400690,10492433,5216400,218889887
India,13-05-2021,8650161,320995,7028430,1300736,37823080
UK,08-05-2021,23119677,325950,16481523,6312204,243249448
Canada,14-05-2021,18598780,419081,14450373,3729326,67751881
Italy,11-05-2021,27540236,1212595,22177521,4150120,250069894
France,10-05-2021,19081726,837411,12344868,5899447,151508884
USA,18-05-2021,33745322,1516063,23406740,8822519,19829808
USA,07-05-2021,545051,17012,369042,158997,145821606
South Africa,26-05-2021,10105760,278684,6068593,3758483,55896855
USA,17-05-2021,11579046,575511,8283833,2719702,66345770
Italy,20-05-2021,36964773,285464,22395671,14283638,179451016
India,02-05-2021,4271892,57916,3517714,696262,66443023
USA,10-05-2021,31093413,70686,30527090,495637,11730293
Russia,25-05-2021,37581216,1395038,33982469,2203709,38996840
Russia,01-05-2021,47166008,333800,36000802,10831406,287863746
UK,12-05-2021,18922560,742755,12634030,5545775,41443483
Germany,26-05-2021,43150919,1758720,40615925,776274,32860899
Canada,25-05-2021,45684572,320588,31417394,13946590,94593950
Italy,22-05-2021,36505440,1449394,24908922,10147124,101041233
Italy,29-05-2021,11237511,446827,9741822,1048862,81956267
Brazil,27-05-2021,31388045,51797,29132721,2203527,14887565
Germany,21-05-2021,29199730,650740,19314148,9234842,149032691
Canada,03-05-2021,31487256,891647,26135601,4460008,199660020
Brazil,20-05-2021,4735090,126364,4204890,403836,23806249
UK,03-05-2021,45590145,1482127,39156603,4951415,175010375
UK,31-05-2021,38697879,1449050,33004083,4244746,109179134
Germany,21-05-2021,34195224,1210194,31829814,1155216,77460303
Russia,14-05-2021,30379960,1388278,24340603,4651079,49707266
France,05-05-2021,46575558,1574020,39210659,5790879,237016863
South Africa,29-05-2021,13666406,554468,8244493,4867445,87102607
Russia,11-05-2021,48988448,397955,48321828,268665,22707956
Brazil,11-05-2021,43465490,1905044,32455547,9104899,283578435
Brazil,10-05-2021,18868534,254391,15418111,3196032,99154919
South Africa,19-05-2021,8607251,32634,6909027,1665590,273891818
Germany,05-05-2021,1272840,22156,1174794,75890,235050975
India,08-05-2021,8451057,264826,8080560,105671,176801943
India,11-05-2021,31462807,1301359,23909303,6252145,267489822
USA,27-05-2021,516329,22135,479851,14343,248584042
Italy,25-05-2021,12506062,462835,10400856,1642371,241979254
Brazil,10-05-2021,46654261,667327,42564104,3422830,8076190
South Africa,03-05-2021,18482253,667182,15437124,2377947,93809367
USA,03-05-2021,3407086,83347,2859040,464699,291780899
USA,16-05-2021,38661425,532465,25718128,12410832,49707527
UK,10-05-2021,23295883,213505,16789013,6293365,100261225
France,13-05-2021,38500935,416287,31907503,6177145,294466713
Italy,17-05-2021,34633137,1723151,26114400,6795586,87568197
USA,17-05-2021,31567046,218449,27832944,3515653,16958852
Germany,25-05-2021,17865232,578787,10819263,6467182,134315894
USA,04-05-2021,45877124,1739914,28784918,15352292,189505697
Italy,19-05-2021,7144904,163641,4538732,2442531,145089038
South Africa,12-05-2021,46821013,1623096,43236244,1961673,225037727
France,30-05-2021,43056608,1727472,28131073,13198063,139776258
South Africa,14-05-2021,45466471,2067764,36737154,6661553,210805849
UK,15-05-2021,6041941,1284,5376792,663865,145203274
France,31-05-2021,3003636,96526,2879242,27868,136257231
Canada,26-05-2021,2260849,41606,1823144,396099,244437254
USA,25-05-2021,11860825,377536,10939441,543848,273714563
South Africa,14-05-2021,43214181,706662,27780952,14726567,245154364
India,02-05-2021,11785068,33169,7587116,4164783,68351165
India,23-05-2021,18989227,269365,16589227,2130635,96316024
India,23-05-2021,26356350,1145509,19942571,5268270,173010352
UK,04-05-2021,11142741,68022,8648603,2426116,204103355
South Africa,30-05-2021,12702837,355297,11847871,499669,288703162
Brazil,26-05-2021,42411833,841698,26173835,15396300,107415900
South Africa,16-05-2021,30045616,1154448,28153579,737589,190106854
UK,26-05-2021,17129077,107869,10841230,6179978,201598364
UK,15-05-2021,48014671,398562,42877898,4738211,179905882
Canada,27-05-2021,32162124,602502,23024869,8534753,88374499
Italy,23-05-2021,18979970,745729,16713473,1520768,92531351
Canada,28-05-2021,13794104,654438,13131260,8406,272715192
UK,25-05-2021,44240980,1994818,30416193,11829969,120964157
Germany,22-05-2021,4005126,109348,3330247,565531,244425958
Brazil,25-05-2021,24804682,1149120,18258729,5396833,31092038
France,08-05-2021,23792516,893034,14708064,8191418,88356378
UK,16-05-2021,42810996,1642240,28551631,12617125,108843260
South Africa,28-05-2021,35661809,1715298,26604726,7341785,180073720
Canada,03-05-2021,28927211,1060788,27772749,93674,244481993
USA,21-05-2021,1775142,67087,1093346,614709,163484072
South Africa,03-05-2021,27987997,385218,19249282,8353497,164613058
France,20-05-2021,3541137,144293,2259427,1137417,88348500
France,17-05-2021,25989384,715188,20130563,5143633,194312416
Russia,31-05-2021,32086199,1568448,25239249,5278502,284637966
USA,18-05-2021,4803511,215766,3315852,1271893,143789346
USA,16-05-2021,15247406,543526,11443851,3260029,62441792
Germany,06-05-2021,33487801,1595847,28976242,2915712,210101519
Brazil,05-05-2021,8606673,417597,7107302,1081774,146881036
Brazil,26-05-2021,41612945,655145,30468709,10489091,87695193
Germany,22-05-2021,7384904,185594,5277064,1922246,125634963
Russia,12-05-2021,34886946,884079,30015532,3987335,209022947
Italy,24-05-2021,15711839,619423,11796549,3295867,298880976
Italy,07-05-2021,36368751,1288084,34224737,855930,97749476
Italy,16-05-2021,13682120,595768,13079224,7128,145703916
USA,07-05-2021,7878501,144533,5394623,2339345,216141632
Canada,08-05-2021,8950312,273227,5591872,3085213,162499098
South Africa,23-05-2021,21283577,639651,20612589,31337,208610538
Canada,05-05-2021,40965995,1709654,38429052,827289,282753973
USA,21-05-2021,11184586,303482,7991552,2889552,68171655
Canada,21-05-2021,19823744,76769,17952060,1794915,92465430
Germany,14-05-2021,41024776,775805,33498822,6750149,212221229
Russia,28-05-2021,23605930,518466,16633595,6453869,86874779
UK,17-05-2021,3206730,116772,2363105,726853,14618240
Russia,27-05-2021,38967228,837378,30792990,7336860,101009914
USA,09-05-2021,35509843,748584,33197222,1564037,180488051
Italy,15-05-2021,39562616,59973,25179842,14322801,129085751
Canada,20-05-2021,11216819,325025,7746005,3145789,127933973
India,23-05-2021,39868676,669914,34879456,4319306,162417307
France,11-05-2021,48549236,1022805,34925397,12601034,119900223
South Africa,17-05-2021,46500006,2096879,33458685,10944442,5976678
Canada,01-05-2021,15001993,165255,9890990,4945748,213450880
Russia,29-05-2021,40239230,1355642,31552214,7331374,59892626
Germany,24-05-2021,40249052,218718,28820350,11209984,278434288
Russia,28-05-2021,48303875,1374796,45145907,1783172,269201464
Russia,04-05-2021,13119623,88181,10928497,2102945,179630028
USA,29-05-2021,26481733,943813,25009753,528167,91987044
India,04-05-2021,18545814,470614,17789642,285558,11548960
Russia,02-05-2021,6970380,298204,5196913,1475263,177265170
Germany,26-05-2021,45074355,1474276,31527291,12072788,228276066
UK,19-05-2021,28776460,1074575,21437180,6264705,216643098
Germany,26-05-2021,4559143,175319,3937844,445980,75758103
Canada,28-05-2021,13839972,586662,9008584,4244726,53980127
South Africa,28-05-2021,20927305,34870,13118079,7774356,18794646
Russia,08-05-2021,45073081,1189676,30356653,13526752,20439419
Germany,12-05-2021,43966926,1900438,36257350,5809138,226034619
France,31-05-2021,19377191,817420,15561823,2997948,196139908
Brazil,19-05-2021,26728225,924283,22753939,3050003,234664043
Canada,26-05-2021,27641979,732419,23200809,3708751,17804554
Canada,04-05-2021,23535799,111515,19984734,3439550,255762351
South Africa,07-05-2021,37376171,15833,31082471,6277867,87911619
USA,18-05-2021,17622720,329132,14453523,2840065,76561938
Russia,02-05-2021,35107583,891369,21801856,12414358,179247377
South Africa,28-05-2021,19616035,956242,17763922,895871,220707428
South Africa,27-05-2021,32852723,72138,29670904,3109681,20193432
Russia,24-05-2021,48653380,2236646,41476954,4939780,9445304
Germany,14-05-2021,11267932,459475,7416207,3392250,120573501
Brazil,22-05-2021,42181729,1664645,30481537,10035547,155789786
USA,13-05-2021,23138581,1091808,20617026,1429747,298601601
India,21-05-2021,3846463,37062,2906352,903049,65373207
South Africa,02-05-2021,23102001,1059080,20561004,1481917,117913797
Italy,28-05-2021,15040369,488172,12405455,2146742,7574390
Canada,31-05-2021,37274704,224696,28553862,8496146,64941122
USA,26-05-2021,24182608,154853,15939795,8087960,138703850
India,07-05-2021,48452110,1507300,32104302,14840508,95093709
Canada,25-05-2021,32006171,1273197,27651482,3081492,234390897
India,21-05-2021,40374159,1882982,26895576,11595601,296774878
UK,17-05-2021,47764116,387583,36888973,10487560,51029704
Russia,09-05-2021,43689793,721531,38672345,4295917,222571065
Brazil,11-05-2021,36795620,1225117,30584624,4985879,282769447
UK,16-05-2021,45842084,1355719,42356478,2129887,63343798
Canada,13-05-2021,14151952,156241,12931963,1063748,287419599
India,14-05-2021,7973412,355849,5240770,2376793,100054261
UK,31-05-2021,37232619,578187,25317324,11337108,288863863
Canada,24-05-2021,10531110,165825,8808324,1556961,258696366
South Africa,15-05-2021,37982497,104531,34178432,3699534,13079992
South Africa,23-05-2021,43042383,222288,38682288,4137807,254593156
India,11-05-2021,15509993,43487,15149377,317129,57461097
Canada,24-05-2021,10525795,491132,9992688,41975,53451518
France,05-05-2021,4306906,61066,4237821,8019,247498200
France,21-05-2021,40519567,334125,39402350,783092,285962565
Germany,24-05-2021,17831130,250788,16852999,727343,42598989
Russia,01-05-2021,28106418,1292683,23252526,3561209,126177592
Russia,20-05-2021,49076516,1319573,46981891,775052,38702777
Canada,23-05-2021,12938460,418570,11263391,1256499,67223616
Brazil,14-05-2021,39681259,193771,35466365,4021123,108615232
Canada,31-05-2021,4087529,166839,3426624,494066,233522340
South Africa,12-05-2021,42940251,336133,41212989,1391129,101349847
USA,12-05-2021,36799866,391964,27527763,8880139,230451092
Canada,13-05-2021,32149966,968562,22162736,9018668,84255042
Italy,08-05-2021,11221170,474102,10695197,51871,283798354
South Africa,14-05-2021,11146972,95145,8322556,2729271,157541762
France,02-05-2021,34698304,1359211,23567479,9771614,161546118
Italy,31-05-2021,20916092,598820,12790848,7526424,291574342
USA,21-05-2021,19173802,92563,14371260,4709979,32019071
Brazil,28-05-2021,42979405,1719973,37007145,4252287,222658253
Canada,11-05-2021,43088427,1225819,28741551,13121057,156569113
UK,08-05-2021,2306257,105737,1565154,635366,289287770
Canada,08-05-2021,16408305,768720,13172263,2467322,6287252
UK,09-05-2021,9608459,260690,5941978,3405791,228825978
Italy,14-05-2021,34185047,1014782,24008524,9161741,295868685
Canada,01-05-2021,45693794,23092,44137309,1533393,27864349
France,20-05-2021,42287276,1651652,27036643,13598981,67189832
Russia,09-05-2021,7179452,309494,6081010,788948,243135702
USA,24-05-2021,44697912,697607,28107538,15892767,48579665
UK,09-05-2021,31275574,1422600,21771590,8081384,119404072
Canada,04-05-2021,11433201,35466,8316927,3080808,202557693
UK,23-05-2021,1632196,51141,1447184,133871,139429351
South Africa,05-05-2021,31906385,1575340,22547285,7783760,100903530
Brazil,12-05-2021,32642990,456945,26322653,5863392,180080055
Canada,28-05-2021,32079800,748677,19715286,11615837,123760766
UK,09-05-2021,30195755,532093,27172501,2491161,99716740
Germany,08-05-2021,19798148,955439,12746400,6096309,131702175
Russia,24-05-2021,18252170,224669,12219405,5808096,48590721
UK,31-05-2021,198199,6978,119593,71628,131085643
Italy,10-05-2021,7872836,189235,5989049,1694552,108264658
France,16-05-2021,12632835,239132,10333089,2060614,9548137
UK,23-05-2021,8688507,391897,5432682,2863928,230848639
Italy,01-05-2021,23731056,411884,18932823,4386349,204171882
South Africa,01-05-2021,10957448,457652,9518782,981014,3794876
France,18-05-2021,3418845,2227,3215457,201161,141388081
Italy,16-05-2021,28441088,977280,22127974,5335834,8761533
Brazil,06-05-2021,26393510,1137720,24910594,345196,61986856
USA,11-05-2021,6033150,241264,5251433,540453,75357505
France,03-05-2021,42576410,1455364,39479571,1641475,191996959
Germany,30-05-2021,10027579,119956,7435032,2472591,28156337
UK,28-05-2021,1253834,12275,867594,373965,60346613
Russia,17-05-2021,35010255,238985,25162865,9608405,62880410
Italy,19-05-2021,20089710,943468,13854573,5291669,257793337
South Africa,25-05-2021,9278961,420859,6199044,2659058,68027123
Germany,29-05-2021,26760090,621299,21716256,4422535,59626529
USA,20-05-2021,28337198,284062,27338125,715011,125668204
Germany,11-05-2021,32102045,1548016,26810966,3743063,104248126
Germany,25-05-2021,10130533,268230,7140410,2721893,189894547
South Africa,30-05-2021,29017675,1119993,27856268,41414,228679311
France,26-05-2021,43098106,663029,29341469,13093608,4823404
France,01-05-2021,38498170,1813299,35725342,959529,67202369
Brazil,05-05-2021,39325614,1000795,34586913,3737906,153886323
Canada,11-05-2021,24634932,326266,23769439,539227,139776185
Russia,18-05-2021,702540,21237,560711,120592,59877058
Russia,04-05-2021,3214406,43675,2786915,383816,112977481
Italy,24-05-2021,12051763,168989,10953691,929083,68622741
USA,30-05-2021,48464831,817787,41279730,6367314,66332594
UK,12-05-2021,26235707,756600,22677302,2801805,243771294
France,20-05-2021,48586492,413384,31476081,16697027,189171973
USA,02-05-2021,6459285,140422,4007656,2311207,164756254
Brazil,30-05-2021,24201757,366621,16599295,7235841,229538454
France,01-05-2021,48142573,1677886,30625379,15839308,60819947
France,23-05-2021,43219088,1354015,34776676,7088397,228851876
Russia,07-05-2021,7396021,148414,7184997,62610,142065527
Italy,08-05-2021,28311747,1086223,23086389,4139135,133250677
South Africa,22-05-2021,4686415,88832,4013063,584520,179580436
France,23-05-2021,36371074,1595290,32704608,2071176,73890066
Germany,19-05-2021,6211355,86380,4675146,1449829,170082856
Italy,22-05-2021,26844902,1257462,25178785,408655,53225854
India,26-05-2021,4600404,86766,3357646,1155992,66611848
Russia,03-05-2021,679846,17449,629906,32491,228001290
USA,30-05-2021,30615672,1017785,19596807,10001080,109951212
UK,27-05-2021,36751280,354267,33043723,3353290,86115106
South Africa,10-05-2021,17971468,769239,13876346,3325883,172493513
India,12-05-2021,38063437,1427213,25491477,11144747,210929960
India,10-05-2021,37103148,454975,25485653,11162520,104644702
South Africa,16-05-2021,21387977,881570,15235437,5270970,8031641
Brazil,31-05-2021,16170803,759674,10665241,4745888,120568530
Russia,24-05-2021,11760845,489359,9782864,1488622,240799665
Russia,28-05-2021,11807844,459853,10511932,836059,285788868
Brazil,27-05-2021,42955390,91604,33320466,9543320,138921173
India,07-05-2021,225703,5997,158262,61444,100174546
South Africa,12-05-2021,46338609,1898565,34798880,9641164,284640086
Canada,13-05-2021,47855072,1569115,45628571,657386,180456823
India,18-05-2021,41968611,1747447,34925814,5295350,65382293
Brazil,05-05-2021,11209734,191416,9452420,1565898,267984980
India,11-05-2021,44139904,1852700,33690436,8596768,261710835
Russia,29-05-2021,9961138,5812,6513929,3441397,97062253
Italy,09-05-2021,1497608,61442,1190133,246033,39505339
USA,25-05-2021,25055326,155040,20489028,4411258,175082831
Italy,09-05-2021,18894665,238897,18022440,633328,250118184
France,11-05-2021,400135,8429,309649,82057,245138901
South Africa,06-05-2021,29144809,277970,19529428,9337411,193244450
Germany,21-05-2021,35024860,786831,23818842,10419187,47047399
Brazil,27-05-2021,14064202,214881,13707827,141494,216891594
Italy,07-05-2021,16140883,415154,13505283,2220446,285676649
Italy,01-05-2021,12970544,209887,10296721,2463936,128813296
Brazil,01-05-2021,21261306,28792,19101127,2131387,177083858
Germany,14-05-2021,16742359,584772,15497013,660574,7738736
India,25-05-2021,44740214,51004,40815751,3873459,227963469
Italy,01-05-2021,33479105,975867,27386995,5116243,22384459
Italy,14-05-2021,16011715,85546,12538125,3388044,133384104
Germany,24-05-2021,17618877,132420,13000936,4485521,124958739
Italy,30-05-2021,25155304,44685,23406151,1704468,213092239
India,26-05-2021,33227586,579604,22356433,10291549,279927908
Italy,11-05-2021,5593192,23182,4542789,1027221,68354731
Canada,20-05-2021,18213763,301707,12761108,5150948,135978765
Germany,10-05-2021,29508722,1246224,27789447,473051,58877029
India,01-05-2021,3084138,91674,2397833,594631,37024358
USA,17-05-2021,150228,3091,95782,51355,289685605
Canada,12-05-2021,22784144,839545,14437296,7507303,28575525
India,13-05-2021,45650999,1682953,36817460,7150586,73620807
UK,14-05-2021,3535455,13374,2806369,715712,44418916
USA,28-05-2021,34653661,1705690,31199852,1748119,179245058
India,02-05-2021,19841753,771306,14756575,4313872,105218370
Germany,29-05-2021,33237530,1349133,31591745,296652,257043106
Canada,16-05-2021,43114935,794218,29435511,12885206,260928303
Italy,16-05-2021,49346205,2284919,37749553,9311733,184196779
Canada,09-05-2021,44442399,165584,35183815,9093000,157572536
UK,23-05-2021,4222519,67937,3136904,1017678,119181039
South Africa,17-05-2021,26763040,918178,18133920,7710942,47607083
USA,10-05-2021,23072630,858906,14226643,7987081,126091595
UK,10-05-2021,39983823,1402514,35045740,3535569,90948104
India,25-05-2021,29848742,79174,18569590,11199978,198358302
India,17-05-2021,36107250,705332,26014289,9387629,68546000
France,07-05-2021,17619221,112513,13397513,4109195,109446628
Germany,03-05-2021,6101907,186614,4593265,1322028,136795595
Italy,06-05-2021,14938702,685628,10215998,4037076,180605350
USA,20-05-2021,5965855,201095,5397037,367723,208144840
Russia,31-05-2021,773178,31425,537750,204003,71624229
UK,12-05-2021,9058268,86659,6227845,2743764,80577253
France,28-05-2021,36720870,386415,28015787,8318668,171541634
Russia,03-05-2021,44529829,1432251,34517931,8579647,195202227
Canada,21-05-2021,5779768,104413,4109443,1565912,39442835
Canada,09-05-2021,48228629,1983793,30267972,15976864,124222856
Germany,30-05-2021,33196989,604952,26180811,6411226,38004711
India,18-05-2021,44923255,83360,27503236,17336659,290267809
Germany,30-05-2021,24555375,669623,16564632,7321120,252847702
Russia,24-05-2021,8116881,285415,5405203,2426263,2470562
France,28-05-2021,3212462,70764,2650983,490715,41775709
South Africa,21-05-2021,41830729,1650606,37988989,2191134,232276324
UK,19-05-2021,25564388,1194311,17577335,6792742,5695838
Brazil,31-05-2021,40137045,1077556,28668752,10390737,61496958
Canada,02-05-2021,40912249,198024,37011897,3702328,96508834
USA,30-05-2021,9890136,399844,5983249,3507043,29786638
France,28-05-2021,23874836,146456,14917439,8810941,91815115
Germany,13-05-2021,23361064,856246,14439208,8065610,166682438
Italy,26-05-2021,12287822,436793,9009628,2841401,94963498
France,24-05-2021,30301894,1381747,20952249,7967898,68214096
UK,08-05-2021,4451308,158393,3207094,1085821,168719660
Brazil,15-05-2021,30526086,1191792,21137416,8196878,104226170
South Africa,31-05-2021,32030417,1012564,27651703,3366150,5990225
Germany,05-05-2021,48331337,940854,39063120,8327363,209713948
UK,20-05-2021,38196388,1848097,28689432,7658859,195674030
USA,17-05-2021,20525363,149215,17468793,2907355,44776522
South Africa,14-05-2021,48333832,5936,43687491,4640405,166212429
Russia,13-05-2021,38277735,1782768,25965559,10529408,196873032
India,31-05-2021,3410350,78533,2190145,1141672,200494023
India,17-05-2021,31177143,868231,28928975,1379937,51952493
South Africa,30-05-2021,4631051,20869,4404470,205712,49425446
Italy,26-05-2021,20093087,173762,15043276,4876049,13719800
Russia,02-05-2021,26811917,262929,26170682,378306,259513644
Russia,25-05-2021,29155687,124517,20011341,9019829,159446928
Russia,16-05-2021,17373063,195313,14941527,2236223,188337363
Brazil,08-05-2021,40018248,1353090,33820942,4844216,256307674
Russia,28-05-2021,33823034,360949,27024536,6437549,284921705
Russia,10-05-2021,32192391,1299655,20964213,9928523,255777569
France,18-05-2021,2151168,45614,1735366,370188,281388433
Brazil,13-05-2021,34668120,639071,28730404,5298645,251725692
Italy,24-05-2021,10102523,192496,6757836,3152191,20969496
France,22-05-2021,49352915,1530736,30250144,17572035,114654266
Brazil,06-05-2021,39977565,1880168,29625406,8471991,201205454
Russia,31-05-2021,22171445,423806,21320254,427385,213811465
France,31-05-2021,29201096,759186,26871779,1570131,138457000
Canada,22-05-2021,33423607,671246,31529312,1223049,187699810
France,02-05-2021,32210308,502558,20159580,11548170,200498709
France,18-05-2021,32501737,317433,22302118,9882186,231430046
Italy,27-05-2021,38729594,82890,37450966,1195738,167573335
Russia,28-05-2021,36751923,741286,26309154,9701483,232738650
South Africa,28-05-2021,31507080,350863,24587902,6568315,78115477
Russia,19-05-2021,14563643,299123,9065492,5199028,124573537
Italy,23-05-2021,10282862,483321,7938459,1861082,139357338
USA,29-05-2021,42502083,1750597,38758507,1992979,231692316
Russia,25-05-2021,20984652,370164,19609274,1005214,129651192
Canada,28-05-2021,8874402,426342,7458639,989421,25991167
UK,06-05-2021,28287036,1064304,18574609,8648123,224301186
USA,10-05-2021,20817574,380440,15017815,5419319,77184740
Canada,02-05-2021,3377303,100411,2688887,588005,53431116
Brazil,15-05-2021,8284601,365181,6849743,1069677,289554854
Germany,03-05-2021,26846905,1100950,21436814,4309141,96012592
Russia,22-05-2021,20775827,621127,15463989,4690711,38679405
South Africa,13-05-2021,40227388,62478,30461723,9703187,188712185
Canada,22-05-2021,2135412,77854,1445053,612505,226702981
USA,26-05-2021,30188595,1080339,24566817,4541439,115841613
UK,24-05-2021,49513813,2472060,32134510,14907243,154158689
South Africa,18-05-2021,17846138,806451,13376505,3663182,2343209
Germany,21-05-2021,8596765,115893,5705114,2775758,52080183
India,13-05-2021,7361983,81197,4540099,2740687,61224972
France,25-05-2021,49878214,1443615,32543712,15890887,250022501
Russia,13-05-2021,24672590,408575,19623869,4640146,65317934
Germany,16-05-2021,4556744,128070,3495544,933130,68492541
Germany,16-05-2021,13245030,408313,11208925,1627792,260816599
Russia,18-05-2021,38487781,740521,29550625,8196635,120959645
UK,26-05-2021,47409486,2274547,39543902,5591037,243892654
Brazil,18-05-2021,30214742,455992,21947032,7811718,125678671
India,06-05-2021,9372824,444257,7863176,1065391,86230925
South Africa,27-05-2021,24939020,1100545,23494181,344294,205201973
Canada,22-05-2021,18909600,414815,14633063,3861722,7905752
Russia,08-05-2021,48102363,1635412,37234035,9232916,1333830
USA,24-05-2021,28560580,834388,27335430,390762,23179462
Germany,25-05-2021,21029708,73563,14739953,6216192,244019496
Brazil,13-05-2021,8698735,26038,7339179,1333518,184902762
Russia,14-05-2021,1382992,37359,1066942,278691,19003729
India,18-05-2021,14043238,373924,8519622,5149692,69553574
UK,24-05-2021,29462211,33542,26723794,2704875,108107398
USA,23-05-2021,25460076,644126,22792434,2023516,129457734
UK,19-05-2021,30330305,200561,24950763,5178981,61695207
USA,31-05-2021,22032646,142757,14873247,7016642,245799664
South Africa,18-05-2021,37434775,243798,25027475,12163502,246112900
India,06-05-2021,24088205,635359,20923145,2529701,225363082
Russia,22-05-2021,41957294,656156,33191281,8109857,184958883
UK,17-05-2021,21631132,21380,18527680,3082072,175795558
Brazil,29-05-2021,23195771,411142,16989894,5794735,136039090
Canada,17-05-2021,31606714,1269077,21009070,9328567,50965221
Brazil,03-05-2021,34148005,4043,31956080,2187882,54743325
Russia,05-05-2021,12230048,173455,10986784,1069809,289951262
Brazil,11-05-2021,18633159,257701,15875201,2500257,49992506
USA,04-05-2021,25116369,677108,18367685,6071576,236813614
India,05-05-2021,12897355,596469,10135845,2165041,12368540
Italy,08-05-2021,11566162,436649,8508113,2621400,116455447
Russia,17-05-2021,22510915,239111,16279831,5991973,41433957
Russia,10-05-2021,17356821,157317,13066098,4133406,191822349
UK,19-05-2021,48518182,36270,40616909,7865003,68370454
Italy,04-05-2021,10804679,427957,7350966,3025756,113915046
Germany,22-05-2021,35944092,73983,29485508,6384601,69998936
UK,02-05-2021,14572792,469447,9216968,4886377,272178608
UK,01-05-2021,28581026,623798,22876348,5080880,87909740
Italy,10-05-2021,979172,23066,813885,142221,234816352
Canada,01-05-2021,47984325,1639607,37679298,8665420,257040513
India,16-05-2021,26729566,650449,18296259,7782858,202502425
South Africa,23-05-2021,39409642,1030437,34369435,4009770,288767194
UK,28-05-2021,11679687,36632,10255586,1387469,268836267
France,10-05-2021,12002950,433220,10952609,617121,208754009
Italy,22-05-2021,14339453,600040,12830613,908800,55393545
India,16-05-2021,23302183,460051,20672409,2169723,183018290
Russia,22-05-2021,18900786,17783,12185760,6697243,75045270
South Africa,05-05-2021,30631469,1213713,21736701,7681055,284977121
India,08-05-2021,30180946,427683,20310084,9443179,145948963
South Africa,18-05-2021,30995202,1246634,25395674,4352894,77244683
Germany,25-05-2021,36594766,297998,35949490,347278,272630016
South Africa,22-05-2021,2577500,61977,2057406,458117,15644565
Germany,28-05-2021,46166609,2009750,37296049,6860810,218617645
South Africa,04-05-2021,20570431,381510,19413864,775057,231050075
Brazil,17-05-2021,40686392,82125,26557304,14046963,81622158
UK,24-05-2021,10867116,445463,8049254,2372399,16194262
Canada,08-05-2021,49048724,579291,46569832,1899601,117999642
Canada,05-05-2021,39646956,380838,32626156,6639962,296068240
Russia,30-05-2021,36335513,1603877,24881840,9849796,297075494
USA,18-05-2021,44716138,1858953,39414867,3442318,161070048
Russia,10-05-2021,32157976,565442,20281125,11311409,229818126
UK,13-05-2021,24628158,543508,17755946,6328704,13087535
Italy,30-05-2021,17412349,540437,10658436,6213476,150160291
Russia,05-05-2021,37299777,1045192,34635092,1619493,258503534
Canada,23-05-2021,5379840,64917,3908353,1406570,231260775
Germany,13-05-2021,10251421,228414,8053751,1969256,151441645
India,05-05-2021,13610594,599868,10131995,2878731,40766637
Italy,17-05-2021,25840845,30906,21322402,4487537,125468547
France,16-05-2021,30999859,1401861,20887747,8710251,97636738
UK,05-05-2021,1709461,54153,1591283,64025,157104389
Canada,01-05-2021,24490644,955962,21698736,1835946,151782749
USA,05-05-2021,49847727,2110520,47081570,655637,297266190
South Africa,08-05-2021,22032445,305327,14295024,7432094,196089435
USA,23-05-2021,18335896,314966,11264735,6756195,167701999
Brazil,30-05-2021,8144638,136193,5654358,2354087,163088418
Brazil,17-05-2021,24045527,619299,17508109,5918119,268210654
Brazil,13-05-2021,42353015,1796767,25839934,14716314,279597284
USA,18-05-2021,3421107,100405,3210783,109919,55530102
Germany,18-05-2021,43566305,956711,29791972,12817622,63222665
Italy,02-05-2021,39520844,1952581,25434873,12133390,79405702
South Africa,20-05-2021,33418843,1594579,26556738,5267526,113022102
USA,28-05-2021,28877369,1302249,17425747,10149373,58758219
USA,22-05-2021,14120152,216929,11979315,1923908,66584984
Brazil,05-05-2021,13987383,357799,12375939,1253645,111777248
Canada,15-05-2021,16935815,476443,15381982,1077390,292207599
South Africa,05-05-2021,9169752,106830,8622608,440314,68511860
UK,10-05-2021,33028712,105458,32869617,53637,136914468
India,01-05-2021,5529573,82716,5006251,440606,50644150
UK,22-05-2021,26156677,874657,18020540,7261480,130360970
France,10-05-2021,49361583,1708111,45987123,1666349,71320313
India,05-05-2021,17471099,838867,12150346,4481886,11715819
USA,10-05-2021,1902992,9158,1778724,115110,47428898
India,07-05-2021,6886279,270404,4805847,1810028,12994750
Canada,09-05-2021,10578605,365144,7169120,3044341,158646079
France,17-05-2021,33535078,964833,30212747,2357498,235478740
USA,05-05-2021,15401960,751688,11683634,2966638,121114241
Italy,31-05-2021,8560419,190063,6896384,1473972,243689560
Brazil,05-05-2021,29900476,64472,25555801,4280203,222236080
Germany,28-05-2021,32446360,272782,22101774,10071804,48082547
Italy,21-05-2021,49286398,952182,30837364,17496852,29147741
India,16-05-2021,16514267,147305,13169634,3197328,299947508
Italy,23-05-2021,34358082,712788,22686755,10958539,238105258
Brazil,11-05-2021,42815198,1830912,34229162,6755124,57103089
France,19-05-2021,43671715,1588264,35649681,6433770,218936449
India,20-05-2021,44634707,1209251,28138960,15286496,158674783
France,11-05-2021,22165452,749387,18713096,2702969,281911270
Italy,17-05-2021,46633173,930599,31086280,14616294,113998677
Germany,05-05-2021,45402396,1348669,35310556,8743171,258086855
Italy,04-05-2021,14213220,30639,11113520,3069061,101762565
USA,16-05-2021,27286769,286074,20042085,6958610,222371479
Canada,25-05-2021,44780010,1008679,41028848,2742483,138556148
UK,29-05-2021,18289690,797439,11551062,5941189,33930957
UK,09-05-2021,7558317,152780,6752875,652662,93552592
Russia,10-05-2021,29541271,1011187,26334027,2196057,155160467
Germany,04-05-2021,38762366,988747,32696873,5076746,45211807
India,16-05-2021,26600427,901667,17935916,7762844,239346909
Germany,22-05-2021,39215851,1031275,36488325,1696251,55346264
India,03-05-2021,10994702,424804,10020115,549783,171922640
Italy,29-05-2021,48165991,862269,44103481,3200241,74749526
South Africa,17-05-2021,34263265,1627085,28760730,3875450,77836841
Italy,06-05-2021,9556913,410109,6237394,2909410,45781436
Russia,02-05-2021,154824,2906,115960,35958,289166035
South Africa,30-05-2021,36060931,1407000,32222680,2431251,27672627
Canada,17-05-2021,47068991,171017,28522332,18375642,20869908
Russia,15-05-2021,9467880,141634,8596103,730143,68452922
India,23-05-2021,9740142,200210,6852995,2686937,238812008
USA,10-05-2021,26619244,146408,17696480,8776356,264041820
South Africa,15-05-2021,19866423,280134,15685731,3900558,79066735
Brazil,04-05-2021,41920444,1329669,39533359,1057416,127588536
Brazil,12-05-2021,28322295,1070971,21882897,5368427,99460382
South Africa,01-05-2021,28924439,10190,19513429,9400820,204014699
Germany,02-05-2021,38464646,1460701,28085314,8918631,68746961
Germany,10-05-2021,4687684,154820,3153540,1379324,291414420
Brazil,21-05-2021,3452789,32381,2403511,1016897,124613094
India,30-05-2021,21629185,476828,19171995,1980362,117018001
Russia,25-05-2021,42278990,602241,30284061,11392688,18087635
South Africa,19-05-2021,9968498,473530,7829100,1665868,186768326
Canada,14-05-2021,7558709,22755,6342103,1193851,165645270
France,07-05-2021,23908403,611321,17006534,6290548,109267999
Brazil,31-05-2021,25141839,261548,15413319,9466972,235252329
France,28-05-2021,6409832,204897,5838806,366129,281052383
Canada,23-05-2021,30083508,202630,19665611,10215267,176746226
Germany,23-05-2021,14997559,33075,11896661,3067823,292577146
UK,09-05-2021,35377624,1088455,24033908,10255261,100024020
UK,01-05-2021,39284576,1595430,29224224,8464922,282524988
UK,24-05-2021,47511246,1373235,41416902,4721109,130970598
Canada,14-05-2021,17645938,660542,13690874,3294522,96247945
Germany,12-05-2021,27755194,144851,20410342,7200001,124297106
Canada,10-05-2021,10559754,163328,9148067,1248359,32248862
India,23-05-2021,17395857,395148,15122549,1878160,10509001
France,05-05-2021,4786762,92287,4293678,400797,235198528
South Africa,30-05-2021,43735838,1487812,27742617,14505409,278935325
India,06-05-2021,16988831,453383,16474520,60928,253673864
South Africa,16-05-2021,4332284,127099,3609068,596117,154039212
India,31-05-2021,34627523,978515,25882835,7766173,284336436
Russia,11-05-2021,46074488,715463,31803429,13555596,169334989
Russia,04-05-2021,40884573,700473,36202603,3981497,178086622
Italy,28-05-2021,40751568,1162982,39188035,400551,239096696
Brazil,10-05-2021,42173497,262166,28952080,12959251,10151821
South Africa,17-05-2021,42159681,235028,37456064,4468589,38381851
Canada,03-05-2021,31280867,1423735,22487187,7369945,48476937
Brazil,14-05-2021,42935412,2120616,30922901,9891895,268905659
UK,24-05-2021,41067512,2016297,27725567,11325648,5701290
Brazil,02-05-2021,23075681,937159,20043885,2094637,259887931
USA,22-05-2021,49130084,1430198,42754068,4945818,214114131
Germany,18-05-2021,24558237,106299,22796155,1655783,144797710
UK,19-05-2021,28404333,373593,23127036,4903704,144334357
Germany,03-05-2021,34909158,261233,26562825,8085100,223892239
South Africa,01-05-2021,39056042,880760,28700445,9474837,165837584
Italy,23-05-2021,15738096,653591,13313988,1770517,55238544
Canada,26-05-2021,7916419,174803,6425688,1315928,107310377
France,17-05-2021,24200223,599177,23107653,493393,299631746
Brazil,14-05-2021,23316004,695876,17747266,4872862,274431272
Russia,01-05-2021,27094066,514619,22485029,4094418,168647248
France,17-05-2021,41152457,1218684,29796394,10137379,122308332
Russia,09-05-2021,19896007,627099,13358272,5910636,102184697
Canada,21-05-2021,43088411,1668816,38909911,2509684,11187766
USA,04-05-2021,46021273,2057790,34750846,9212637,108309286
India,08-05-2021,25766384,317313,16011740,9437331,289814204
Canada,10-05-2021,41561781,603762,35648907,5309112,95111674
Canada,16-05-2021,12907087,480215,10178645,2248227,251517567
Brazil,20-05-2021,44502620,1648210,29041620,13812790,96306877
India,26-05-2021,48485319,1562384,31571659,15351276,17614943
Russia,10-05-2021,22267177,643085,18050308,3573784,211010240
India,09-05-2021,44104666,609711,36172004,7322951,114800969
France,08-05-2021,962152,28727,847035,86390,27217712
India,18-05-2021,571294,9088,492281,69925,202541058
South Africa,09-05-2021,28165536,7059,25676008,2482469,115660558
Italy,10-05-2021,20841493,380983,16276323,4184187,239450024
UK,03-05-2021,40593162,1035878,36372388,3184896,230089037
Germany,21-05-2021,19216058,49688,14259950,4906420,122403908
UK,05-05-2021,9940759,82391,7952275,1906093,169851119
Brazil,23-05-2021,39312165,716605,27977059,10618501,223491939
France,20-05-2021,7277892,248048,5620713,1409131,175211532
South Africa,05-05-2021,7668876,345446,5703220,1620210,165521173
France,29-05-2021,46155014,1555896,36265484,8333634,191618040
UK,03-05-2021,39521148,818144,30009070,8693934,73999493
Italy,05-05-2021,29271586,778021,28399033,94532,220275246
Russia,05-05-2021,24468812,376300,21701690,2390822,41045452
Germany,18-05-2021,3541233,70852,2392918,1077463,297678297
France,06-05-2021,2582085,66682,1649045,866358,158316182
India,26-05-2021,2287263,30535,1919114,337614,268847175
South Africa,03-05-2021,22728510,670369,19032072,3026069,202188067
Russia,09-05-2021,29811781,555325,27350885,1905571,237918121
UK,13-05-2021,10113524,287973,9638420,187131,77379305
USA,13-05-2021,13921350,419085,12258471,1243794,66498134
France,21-05-2021,17340301,518752,12595080,4226469,283587936
France,11-05-2021,39613445,758522,26388844,12466079,206335734
France,07-05-2021,15598464,673997,10444331,4480136,39030258
Italy,20-05-2021,7872219,202892,6997800,671527,155115175
South Africa,30-05-2021,31695612,1294608,30064334,336670,216998713
Brazil,28-05-2021,5384359,155901,3660740,1567718,280168739
UK,03-05-2021,39597718,1145998,36585452,1866268,174726503
France,06-05-2021,14755985,438678,12823109,1494198,3069080
South Africa,09-05-2021,4539376,203949,3132260,1203167,158464160
France,29-05-2021,34761704,625083,26808555,7328066,118471465
USA,20-05-2021,14567787,723580,11639226,2204981,38672956
Russia,12-05-2021,14451680,620001,12018174,1813505,102927869
Brazil,13-05-2021,15297064,702250,9538610,5056204,176336135
South Africa,31-05-2021,39021398,1894039,31278786,5848573,18629929
Russia,09-05-2021,16110147,300124,14428762,1381261,297979545
USA,07-05-2021,20331059,673154,15246672,4411233,31543023
UK,19-05-2021,47010943,2213168,31502793,13294982,40678362
India,06-05-2021,35485227,1258504,32001088,2225635,45442450
USA,13-05-2021,23959205,643160,21246945,2069100,277790849
USA,14-05-2021,48829176,56884,44501196,4271096,71028869
France,09-05-2021,35293363,1607052,27823158,5863153,170167226
India,14-05-2021,9502592,468856,6264482,2769254,116452077
Canada,02-05-2021,25154538,114253,18554887,6485398,259841162
Brazil,27-05-2021,9172189,373089,8147927,651173,226400454
Russia,22-05-2021,31037160,392073,29984674,660413,268047586
Italy,04-05-2021,32915198,323640,22338178,10253380,274340758
USA,27-05-2021,2484633,79588,2207683,197362,28841339
Brazil,12-05-2021,11818844,349115,7349776,4119953,192648535
South Africa,26-05-2021,10794512,64749,10179218,550545,135745787
India,14-05-2021,42259423,43236,27649324,14566863,83190303
Canada,29-05-2021,16559601,596539,12072371,3890691,198346070
Italy,16-05-2021,34851227,592995,31881853,2376379,145558024
UK,04-05-2021,25594900,591140,22673118,2330642,214941043
USA,10-05-2021,15896181,329962,11943633,3622586,293945840
UK,12-05-2021,16865768,472062,11368167,5025539,122393286
Canada,11-05-2021,41986529,1330400,35128733,5527396,83877497
Canada,26-05-2021,15964197,143122,11662818,4158257,78831154
South Africa,01-05-2021,9741856,207086,6293952,3240818,127373455
Germany,24-05-2021,19467980,490820,17575081,1402079,91048151
Russia,12-05-2021,23104647,23664,15635504,7445479,20905721
USA,30-05-2021,24552047,666271,17133355,6752421,285438246
India,31-05-2021,7514144,128848,6259896,1125400,42448951
USA,02-05-2021,36957352,270213,28845150,7841989,76971164
Brazil,14-05-2021,26574876,1313326,22675481,2586069,52045503
South Africa,10-05-2021,3694332,103014,2298232,1293086,160621466
Brazil,04-05-2021,4808124,36303,3190616,1581205,70149647
Canada,28-05-2021,22011542,972644,19873573,1165325,6399379
Brazil,30-05-2021,20851992,413506,18347231,2091255,186519260
USA,19-05-2021,23282130,690406,15912906,6678818,276743708
Canada,28-05-2021,21675172,303629,18662935,2708608,259094032
UK,01-05-2021,37918944,872729,29334354,7711861,167113061
France,21-05-2021,13408350,397947,12979077,31326,139167383
Germany,04-05-2021,11552351,466999,10438493,646859,96863509
USA,12-05-2021,14073737,320241,10538832,3214664,9333307
India,19-05-2021,47207168,1797296,38877455,6532417,293197464
South Africa,19-05-2021,11006457,253305,10353796,399356,247425100
USA,25-05-2021,5997011,137666,3656763,2202582,193914619
USA,25-05-2021,24829867,740288,18146439,5943140,279581038
Russia,11-05-2021,29690878,89905,29289886,311087,236084270
France,07-05-2021,32300568,734564,26404374,5161630,106416436
Germany,27-05-2021,28616286,447664,21267428,6901194,31210401
Italy,10-05-2021,20723299,924074,16261821,3537404,13775604
Russia,26-05-2021,44830016,1131387,41131124,2567505,152460121
Germany,28-05-2021,46273048,1040970,42916834,2315244,13384136
Brazil,29-05-2021,38152352,263172,30409943,7479237,84809930
Italy,13-05-2021,43300277,2074199,38884606,2341472,120755564
South Africa,23-05-2021,41551710,1093204,32289728,8168778,196741582
Germany,10-05-2021,41621513,641555,36852335,4127623,243872140
Germany,23-05-2021,8094080,370765,5204446,2518869,252942039
Russia,25-05-2021,26016180,1008974,23609412,1397794,217789768
Russia,20-05-2021,3090418,119088,2533996,437334,70318460
Russia,01-05-2021,35146665,231937,27206686,7708042,40826728
UK,26-05-2021,18413817,362624,15530670,2520523,260518598
France,24-05-2021,32510967,1300850,30299549,910568,29887126
India,05-05-2021,1243190,45348,963384,234458,82115201
UK,24-05-2021,36912754,1171611,24491916,11249227,131447200
Brazil,14-05-2021,34530194,414552,32620167,1495475,51751339
South Africa,10-05-2021,8091767,245939,5850740,1995088,182042457
Germany,17-05-2021,32406660,1078950,28146448,3181262,193990056
USA,21-05-2021,36479912,548190,28383336,7548386,129198937
Canada,24-05-2021,19787104,955655,15260097,3571352,288590116
France,08-05-2021,47649244,408001,41643573,5597670,209762331
USA,25-05-2021,23077131,141859,21598237,1337035,208085219
Germany,14-05-2021,42623421,116010,32713379,9794032,114569630
UK,04-05-2021,28112171,886915,23464347,3760909,49121773
USA,06-05-2021,16896398,487249,15482247,926902,292403555
South Africa,27-05-2021,20727894,468146,19850608,409140,188761432
Italy,22-05-2021,24114266,930373,19886983,3296910,119860597
Germany,14-05-2021,5494743,248913,3379348,1866482,197860299
South Africa,10-05-2021,8940074,241765,8411160,287149,166838269
Italy,19-05-2021,1290037,53356,1052477,184204,21469667
Brazil,18-05-2021,46150324,730861,28066018,17353445,236873746
Canada,14-05-2021,46828172,1690829,35879845,9257498,105797192
India,26-05-2021,12604094,327620,12151869,124605,121695301
Germany,23-05-2021,17052907,536914,15923159,592834,261331554
France,01-05-2021,45591122,915485,38648294,6027343,53847227
Canada,01-05-2021,26429026,842069,22968172,2618785,105110419
UK,12-05-2021,41022633,70485,33079156,7872992,190522877
Brazil,02-05-2021,38734440,1292652,30461040,6980748,153750388
Canada,15-05-2021,21959639,237363,13779147,7943129,252116320
UK,15-05-2021,46157491,1618093,43153896,1385502,155843986
Germany,26-05-2021,5452188,6952,3343248,2101988,192587677
France,31-05-2021,17948081,567917,17132906,247258,297098900
Russia,07-05-2021,6984866,252696,5456227,1275943,151748571
Italy,20-05-2021,21356612,714717,16029992,4611903,211619719
Russia,20-05-2021,36845447,1738495,32109445,2997507,181919299
Canada,07-05-2021,49063103,627914,48428011,7178,211522689
USA,07-05-2021,29932314,453785,19296633,10181896,258483299
Brazil,17-05-2021,18496581,652765,16344723,1499093,276493708
Germany,18-05-2021,18537623,854652,16225215,1457756,85537221
Russia,28-05-2021,25589102,1177103,22577552,1834447,17774524
France,12-05-2021,21997721,577208,18197724,3222789,89819144
UK,22-05-2021,27653464,272677,20349948,7030839,291888296
Italy,24-05-2021,32835353,309239,27192651,5333463,112538557
South Africa,29-05-2021,30209567,1305340,19777840,9126387,279652221
South Africa,04-05-2021,16318553,166920,10988424,5163209,217963398
UK,11-05-2021,26113607,255338,16514962,9343307,253475111
India,22-05-2021,11790378,80433,8273548,3436397,49618787
UK,06-05-2021,8481720,10960,5783063,2687697,90688109
USA,15-05-2021,8406187,226341,5397676,2782170,273140444
Germany,20-05-2021,46067769,1927699,28531564,15608506,172193953
India,28-05-2021,29979532,588283,27955834,1435415,278166759
Germany,15-05-2021,17970863,785672,16813943,371248,20213136
Germany,25-05-2021,4776514,207849,3114484,1454181,79395515
South Africa,01-05-2021,6740159,14432,5697014,1028713,230399784
USA,28-05-2021,2423014,45997,2002832,374185,142109418
USA,01-05-2021,38947090,1901330,26062844,10982916,294498004
India,29-05-2021,40401151,1562745,32682694,6155712,115691892
UK,17-05-2021,21148830,39858,13515879,7593093,54699678
South Africa,22-05-2021,46997844,2126879,41301527,3569438,257582799
Brazil,18-05-2021,19475221,24359,15431326,4019536,54713322
India,26-05-2021,33763137,1418570,22286537,10058030,130038638
Italy,06-05-2021,34033238,1239380,29015509,3778349,239341436
Canada,20-05-2021,24190884,452159,18680357,5058368,64235119
Brazil,21-05-2021,23436886,62287,22925687,448912,99150835
Brazil,19-05-2021,37477052,781449,34515383,2180220,234765746
Canada,30-05-2021,45041450,606995,27508284,16926171,234671135
Canada,03-05-2021,17341352,472050,16232199,637103,172282834
USA,08-05-2021,22386343,561267,18346623,3478453,85599389
France,23-05-2021,3162142,67345,2097452,997345,104916529
France,27-05-2021,34883265,1046409,24541283,9295573,133390364
France,22-05-2021,11514397,105959,8299255,3109183,104081215
Brazil,09-05-2021,18685799,583601,16190996,1911202,213095413
India,03-05-2021,28550887,685380,17627718,10237789,23395123
France,26-05-2021,26655421,707114,25272107,676200,229789486
India,21-05-2021,31617131,499578,27699969,3417584,221968295
Brazil,01-05-2021,24205371,1031434,21018293,2155644,196353398
Russia,21-05-2021,20357834,28020,12813856,7515958,101843947
Brazil,24-05-2021,32884220,1018778,20557491,11307951,14234345
Brazil,05-05-2021,23816547,1104960,21881700,829887,139262572
Brazil,27-05-2021,36292356,784616,31001764,4505976,209720858
Russia,20-05-2021,23789007,1136001,17255341,5397665,45206202
Russia,03-05-2021,30895588,22457,29772825,1100306,230065537
South Africa,09-05-2021,22046061,819378,15145112,6081571,97038561
Italy,17-05-2021,30364549,225203,23006952,7132394,119745418
India,12-05-2021,44910845,962398,38655575,5292872,36778667
South Africa,13-05-2021,25684027,11121,24257643,1415263,150944137
France,02-05-2021,16495736,144132,12510545,3841059,149703867
Italy,31-05-2021,48198332,1187553,43677451,3333328,225175129
UK,17-05-2021,32600459,764264,29018287,2817908,107079686
Italy,05-05-2021,10490635,223305,9872493,394837,295216850
Germany,12-05-2021,35380330,1435217,32663406,1281707,149029894
Canada,04-05-2021,40872114,470330,34648889,5752895,60006756
USA,16-05-2021,49290437,1991997,37473819,9824621,157999729
Canada,01-05-2021,27107265,1246425,22768855,3091985,296439686
Italy,31-05-2021,9734987,359802,5854081,3521104,187579296
France,22-05-2021,30909866,994247,28788804,1126815,99938405
Canada,16-05-2021,33336342,775090,20241297,12319955,122217541
USA,27-05-2021,27358539,798359,19502478,7057702,58431994
Canada,04-05-2021,25101169,203917,15098551,9798701,189585095
USA,09-05-2021,19045623,416252,18065771,563600,17637056
France,25-05-2021,23154470,886535,20933846,1334089,74787297
Canada,24-05-2021,36626591,1527591,28468687,6630313,73585426
France,26-05-2021,11417282,95293,9475145,1846844,112711510
France,16-05-2021,18618372,14084,14897595,3706693,194821938
USA,14-05-2021,17222475,19872,12286537,4916066,207438692
France,20-05-2021,16244282,675140,12042767,3526375,273293912
France,11-05-2021,3153654,130863,1978552,1044239,64635322
Germany,31-05-2021,41419976,1342003,25155858,14922115,16897476
India,14-05-2021,19045878,747223,14643386,3655269,213183683
France,30-05-2021,16780695,582307,13104793,3093595,275315781
UK,15-05-2021,36637510,777748,27417794,8441968,193323078
UK,05-05-2021,18107979,796181,17223718,88080,263445187
South Africa,12-05-2021,992407,2916,599868,389623,82116370
Russia,07-05-2021,19084819,344470,15737034,3003315,255332717
Brazil,25-05-2021,20898430,313175,15212078,5373177,282713665
Brazil,12-05-2021,7035638,125389,5342349,1567900,88792811
Canada,11-05-2021,25006193,62120,18144661,6799412,108426495
USA,23-05-2021,15766652,297560,11455298,4013794,85094218
India,17-05-2021,28903778,924809,19450293,8528676,116113586
Brazil,27-05-2021,20082809,599953,14012468,5470388,189494049
USA,20-05-2021,38096498,1869460,24173876,12053162,127277174
Italy,22-05-2021,7762197,150385,7298433,313379,31777025
UK,05-05-2021,13255512,55176,12319217,881119,190786696
Italy,05-05-2021,27995924,912655,21980570,5102699,287506888
USA,22-05-2021,36482734,273882,32014907,4193945,49528849
Germany,03-05-2021,32503056,320899,21439169,10742988,185205364
Brazil,04-05-2021,40752104,285650,29094572,11371882,90587043
Germany,29-05-2021,20125407,474407,19117301,533699,144618120
France,28-05-2021,34182826,373749,22606319,11202758,162508837
Italy,12-05-2021,18102893,213758,15533873,2355262,104132148
Germany,14-05-2021,49167134,596834,48377511,192789,5876242
UK,31-05-2021,24320911,595440,22076410,1649061,181218729
Russia,18-05-2021,46615637,490949,40907740,5216948,143056227
India,05-05-2021,281302,4276,171824,105202,122428752
Italy,19-05-2021,49853634,504290,44000187,5349157,259219559
Canada,29-05-2021,37674966,223743,30642953,6808270,211991713
France,17-05-2021,47036392,1051953,44928566,1055873,192769233
UK,19-05-2021,22506946,162002,13948968,8395976,45388486
South Africa,29-05-2021,24134602,265085,20332572,3536945,25408672
Russia,12-05-2021,730254,34198,527132,168924,21948695
UK,27-05-2021,40407598,302008,35117326,4988264,21487707
South Africa,17-05-2021,42171103,1377218,36720545,4073340,148379130
UK,07-05-2021,23166532,416379,14049889,8700264,251845143
Italy,15-05-2021,40049153,1397528,28027164,10624461,184850188
Canada,14-05-2021,2205667,93287,2065377,47003,279719691
Brazil,19-05-2021,33627313,515676,26589038,6522599,27512864
South Africa,01-05-2021,36879918,936008,33792706,2151204,226240201
Brazil,31-05-2021,2748069,66070,2351802,330197,254360821
USA,29-05-2021,2468508,43240,1883144,542124,288235952
Brazil,05-05-2021,37384321,560371,31327219,5496731,94621181
Russia,04-05-2021,2527428,66264,2170322,290842,237522530
Germany,29-05-2021,10525879,265796,8999052,1261031,181800298
Italy,10-05-2021,3287068,101546,2314286,871236,290945757
USA,15-05-2021,32489008,1223774,30450445,814789,33029041
Italy,31-05-2021,18148338,872319,16736188,539831,282214099
Russia,24-05-2021,7076269,318654,4342471,2415144,16418399
Italy,06-05-2021,5641282,43585,5245594,352103,253535513
Canada,30-05-2021,10994329,52913,10282861,658555,132222332
Germany,21-05-2021,7695434,333149,4672833,2689452,289913858
India,29-05-2021,1484156,1800,1085011,397345,247720120
France,05-05-2021,2781877,112244,2278582,391051,115981390
Italy,09-05-2021,29233598,1119419,23559798,4554381,263013801
India,13-05-2021,13838701,420678,8637531,4780492,83551789
Germany,31-05-2021,39118648,138293,27619498,11360857,262873010
USA,24-05-2021,33972736,373733,20741595,12857408,224166312
South Africa,14-05-2021,22552500,799875,20517468,1235157,187502380
Italy,22-05-2021,29061367,17619,19453781,9589967,92381400
Italy,26-05-2021,14993687,39621,9847006,5107060,110626784
India,23-05-2021,42440967,1229264,34705891,6505812,49470564
Russia,16-05-2021,39810804,809792,30852853,8148159,270916063
USA,08-05-2021,40558952,1080174,34680113,4798665,30344944
USA,16-05-2021,42834851,1273385,33805385,7756081,39555841
Russia,19-05-2021,17582273,533557,13680614,3368102,196842042
Russia,27-05-2021,9132765,333431,5832069,2967265,288654299
USA,23-05-2021,339111,4908,206234,127969,89476941
Canada,31-05-2021,47015185,362445,41718915,4933825,180348729
UK,22-05-2021,49478566,1716262,36475242,11287062,174078219
India,15-05-2021,46591760,297727,30116458,16177575,1555258
Germany,13-05-2021,3806030,112350,3495745,197935,153368836
Russia,18-05-2021,24618983,323644,20049960,4245379,298682379
Russia,29-05-2021,39443587,570024,37448794,1424769,163813010
India,25-05-2021,17929429,209857,13348031,4371541,62572598
Russia,22-05-2021,48945571,881706,46897310,1166555,38599899
Canada,11-05-2021,12336559,316021,9919198,2101340,99860191
Russia,25-05-2021,40702061,334009,34353278,6014774,24238153
USA,08-05-2021,600361,1089,516793,82479,231584445
UK,25-05-2021,21361328,480629,13220529,7660170,298068449
Brazil,03-05-2021,46033134,1723976,36623637,7685521,65593877
USA,15-05-2021,12918788,297254,9071095,3550439,110934560
France,24-05-2021,28579788,1312191,26389912,877685,244644235
India,22-05-2021,30701151,878214,29693216,129721,206918785
Canada,06-05-2021,49106291,1693247,35036183,12376861,122120301
India,02-05-2021,15584614,427232,11117408,4039974,207201387
India,20-05-2021,16095732,480007,15578365,37360,206593036
South Africa,04-05-2021,24222594,970663,16893641,6358290,81106838
Canada,12-05-2021,9127778,267286,6103056,2757436,204740325
Brazil,14-05-2021,17845197,285588,16652364,907245,214642080
France,11-05-2021,41479726,1193009,32358133,7928584,106446222
Russia,08-05-2021,3339872,109143,2757390,473339,299725681
Brazil,15-05-2021,26053618,1189926,18876070,5987622,119298373
India,09-05-2021,15465612,271551,9327268,5866793,63373032
USA,21-05-2021,41141319,518666,40153470,469183,212562304
India,18-05-2021,21489612,554233,15692845,5242534,149323013
Italy,03-05-2021,9446723,285855,8784888,375980,21211754
Germany,01-05-2021,47169593,693584,36500036,9975973,168208249
Brazil,05-05-2021,42744833,412297,25753922,16578614,200923719
Russia,16-05-2021,29827874,519881,20736124,8571869,133865057
France,24-05-2021,49848530,586651,31980480,17281399,128733744
Russia,12-05-2021,13590049,316568,10016428,3257053,234631870
Germany,03-05-2021,20797215,200197,16506273,4090745,259167313
France,15-05-2021,38530439,1760839,27830033,8939567,156336922
USA,21-05-2021,21179553,156121,20876633,146799,296312759
USA,01-05-2021,16854407,740438,12843886,3270083,269180904
Russia,11-05-2021,42791564,1295447,39946688,1549429,9509624
Brazil,10-05-2021,36786241,1592658,30541226,4652357,118225314
UK,17-05-2021,31644883,757027,30750292,137564,267502794
India,03-05-2021,42969475,264925,38869771,3834779,87521537
Brazil,12-05-2021,31815143,166944,25283497,6364702,141284168
Germany,24-05-2021,49437569,1468666,30080779,17888124,223105226
USA,22-05-2021,25447176,469380,16766994,8210802,100063744
Brazil,10-05-2021,23314246,59893,22705357,548996,138548201
UK,09-05-2021,44800130,296698,40323094,4180338,43514046
USA,11-05-2021,36578562,1152448,24846395,10579719,271668816
Brazil,08-05-2021,591497,9179,538758,43560,15081644
India,10-05-2021,12188725,480264,8631187,3077274,236714495
Germany,14-05-2021,3117190,97036,2133670,886484,269596382
UK,12-05-2021,3628378,145650,2820900,661828,291331434
France,25-05-2021,40865660,1077353,26768117,13020190,80466216
Germany,18-05-2021,35783240,420039,29249186,6114015,71488895
Canada,01-05-2021,36675030,1048637,25954177,9672216,13576446
USA,28-05-2021,26015651,384117,21136039,4495495,238299368
France,24-05-2021,30831876,1090789,24711967,5029120,82723017
Brazil,28-05-2021,26282812,598460,18758835,6925517,1273483
India,21-05-2021,33606274,1201202,31404181,1000891,37933255
UK,13-05-2021,8213645,88855,7289816,834974,222680619
South Africa,17-05-2021,26828721,688413,16301411,9838897,161316970
South Africa,30-05-2021,1949549,19356,1870304,59889,181410324
Canada,24-05-2021,20601313,61805,17247537,3291971,219811736
Russia,05-05-2021,31715095,1170367,26922214,3622514,201549832
Brazil,12-05-2021,12940370,194744,10053247,2692379,101498622
Germany,20-05-2021,27302467,826658,21897238,4578571,230793403
USA,22-05-2021,48239462,1165046,45380154,1694262,222944794
France,06-05-2021,26902939,915182,20776592,5211165,78476790
USA,28-05-2021,37800208,285116,33291201,4223891,118290924
Italy,17-05-2021,43625448,683434,41174304,1767710,219637056
Canada,18-05-2021,46377533,1674081,31232041,13471411,106720336
USA,08-05-2021,19671295,425790,17153498,2092007,85656269
Russia,31-05-2021,5701893,223981,5382016,95896,37042695
India,25-05-2021,293273,4958,270924,17391,179779935
UK,02-05-2021,27935765,781083,21533591,5621091,160141516
Italy,05-05-2021,27120756,665330,17143565,9311861,74555341
Brazil,03-05-2021,14026202,324958,9957391,3743853,43090236
Italy,22-05-2021,26469433,1122709,21808387,3538337,38725032
Canada,21-05-2021,28977217,1140362,25036764,2800091,21747674
USA,14-05-2021,4054493,88985,3657603,307905,21471595
South Africa,23-05-2021,7925636,299222,5277697,2348717,125883926
Russia,11-05-2021,25363761,903951,21790420,2669390,102296936
France,26-05-2021,17891825,569462,12723901,4598462,47177889
Italy,08-05-2021,47500234,2053462,35962974,9483798,4087661
India,12-05-2021,16291394,322530,12741690,3227174,124914589
Canada,01-05-2021,18896592,262925,12385869,6247798,267741380
France,25-05-2021,32651635,654180,24125972,7871483,146272274
Brazil,24-05-2021,5574476,15656,3836563,1722257,255816126
France,06-05-2021,10952455,511383,8463275,1977797,275266430
USA,02-05-2021,32446191,282712,26714231,5449248,150672733
India,24-05-2021,11030737,292131,6871599,3867007,147620363
India,05-05-2021,38947899,1588363,29364511,7995025,290731672
Russia,22-05-2021,13828900,342440,9413081,4073379,235342748
UK,10-05-2021,2108099,52155,1356383,699561,29399790
Italy,18-05-2021,15846687,164739,11276006,4405942,180766155
Germany,26-05-2021,2046647,48896,1786516,211235,223378025
USA,01-05-2021,26892594,1312990,18498200,7081404,103246135
USA,29-05-2021,43140943,1138315,34758536,7244092,98562558
India,22-05-2021,21319346,286742,16578747,4453857,280810913
USA,31-05-2021,29285275,588889,28603530,92856,220624834
Canada,24-05-2021,49547285,237715,38188063,11121507,131850955
Russia,28-05-2021,1114165,40104,975552,98509,130132809
Canada,12-05-2021,32603548,864357,20028308,11710883,261462233
South Africa,19-05-2021,6781117,245829,4108196,2427092,103435582
USA,29-05-2021,48036708,1447945,37249678,9339085,134696914
France,05-05-2021,27655044,1269699,21441141,4944204,247343946
Germany,27-05-2021,32805613,1283339,24510851,7011423,219748602
France,01-05-2021,38140493,1838212,33701095,2601186,230112897
India,11-05-2021,27705417,747471,17742386,9215560,29931980
UK,17-05-2021,35815957,476073,33633806,1706078,185154507
Germany,15-05-2021,38560583,1231155,25404247,11925181,192383574
France,29-05-2021,18139429,25890,16980092,1133447,26558872
Germany,26-05-2021,42069718,813379,36483547,4772792,112072505
Canada,10-05-2021,43948707,2072590,29149393,12726724,228731695
South Africa,10-05-2021,34005515,1161833,23643234,9200448,93264787
UK,17-05-2021,21052478,672535,18867074,1512869,230201222
Brazil,02-05-2021,11958985,197450,8092455,3669080,147532064
Germany,20-05-2021,21982711,96261,13770979,8115471,71298522
UK,29-05-2021,3777598,70608,2631945,1075045,16429813
India,04-05-2021,10771583,221889,6526014,4023680,182171496
UK,12-05-2021,29056314,862007,25847466,2346841,279746533
France,06-05-2021,20941906,266233,14096116,6579557,95637245
France,03-05-2021,35680000,555345,23087667,12036988,105027953
Brazil,21-05-2021,15706363,716480,14442791,547092,26755900
India,30-05-2021,47419371,2050185,37792674,7576512,49653869
Germany,31-05-2021,28969763,737732,23955092,4276939,65795236
USA,30-05-2021,33645556,259406,30487681,2898469,79059450
Brazil,15-05-2021,44825108,1092628,36333822,7398658,114145596
Germany,31-05-2021,44063050,1534908,36411450,6116692,282424565
France,23-05-2021,10653958,118174,10237465,298319,61559997
Canada,15-05-2021,44786487,2195794,33230485,9360208,274964659
Russia,09-05-2021,10305284,465236,9068595,771453,11357931
USA,26-05-2021,40520896,1967180,34327681,4226035,43223028
Canada,29-05-2021,19989408,591753,18206794,1190861,44567948
India,22-05-2021,8964715,327553,7453417,1183745,292948243
France,26-05-2021,4588978,181959,3921722,485297,249146983
USA,03-05-2021,8071845,400172,6889578,782095,172933425
South Africa,30-05-2021,8141619,119121,7535306,487192,112719836
Italy,04-05-2021,16211903,489645,14606954,1115304,194453651
Brazil,07-05-2021,28054179,1156417,25876247,1021515,126010346
USA,24-05-2021,6383917,55873,4937553,1390491,144629052
Germany,28-05-2021,48816591,2063036,33525048,13228507,245246120
Canada,25-05-2021,43455623,85432,42587217,782974,264259555
South Africa,13-05-2021,30124623,4644,23930872,6189107,55015323
India,24-05-2021,33579395,1120510,29612587,2846298,165971292
Russia,11-05-2021,49743699,2178801,38923051,8641847,82135972
Italy,02-05-2021,2061166,40907,1252326,767933,208310869
Brazil,15-05-2021,17890181,396489,13996913,3496779,297578730
India,11-05-2021,49344006,2354160,39361617,7628229,19209756
Russia,17-05-2021,31245907,159268,29637579,1449060,63341745
Brazil,11-05-2021,28317782,385205,26809370,1123207,20741851
Germany,13-05-2021,12916791,39796,9791883,3085112,115210143
UK,06-05-2021,20807029,10171,13484878,7311980,270708274
Italy,28-05-2021,26159472,986006,19674342,5499124,221741276
USA,20-05-2021,38036832,776424,25835776,11424632,254528331
France,30-05-2021,11451579,226711,7501869,3722999,20895685
Russia,07-05-2021,7480064,33570,7263484,183010,191163098
Germany,27-05-2021,13739994,366855,10243972,3129167,141125230
Italy,31-05-2021,21431278,693305,19879021,858952,287362899
Germany,05-05-2021,46496013,496302,31522249,14477462,289827407
Russia,05-05-2021,32155621,1409110,22298454,8448057,155530244
Italy,30-05-2021,22132245,969008,18360161,2803076,128879208
France,21-05-2021,327304,6219,312530,8555,171770955
Canada,09-05-2021,33409794,71541,24225009,9113244,57973860
France,26-05-2021,48318136,1015737,30782885,16519514,19575850
Canada,04-05-2021,24623087,320278,17328669,6974140,107592889
India,27-05-2021,3767682,136104,3183173,448405,117071955
Brazil,25-05-2021,43455480,1049122,34231028,8175330,158693326
South Africa,13-05-2021,32258441,1297313,26296919,4664209,146486616
Brazil,05-05-2021,18936307,388256,14214717,4333334,52439320
Russia,29-05-2021,22873311,358516,22488428,26367,91162698
Russia,30-05-2021,6222194,206546,5385819,629829,292649602
Canada,02-05-2021,3204767,78849,2272635,853283,36132029
Brazil,31-05-2021,26246216,671438,21145255,4429523,217058061
Russia,20-05-2021,3811542,65232,3329883,416427,74958845
Brazil,02-05-2021,4457847,120698,3258969,1078180,6597959
Russia,29-05-2021,30518113,812158,27727102,1978853,167961038
Brazil,02-05-2021,10593238,86862,6916024,3590352,156684759
Canada,27-05-2021,21248645,430695,14193407,6624543,18429059
South Africa,09-05-2021,23226061,349676,19985298,2891087,47694466
Canada,24-05-2021,36685020,927423,24741355,11016242,293596424
UK,23-05-2021,45981569,814765,30454185,14712619,117533229
Brazil,30-05-2021,19979419,908017,13643664,5427738,277658844
Italy,14-05-2021,45299330,1097741,37898021,6303568,80654212
India,11-05-2021,43959467,1135717,38407871,4415879,168668044
Canada,01-05-2021,20962342,322019,16070862,4569461,207102290
